{
  "target": "Life_expectancy",
  "top_correlations": {
    "Adult_mortality": 0.9453603642730646,
    "Under_five_deaths": 0.920419133640263,
    "Infant_deaths": 0.9200319194470848,
    "Schooling": 0.7324844688915005,
    "Polio": 0.6412174553454273,
    "Diphtheria": 0.6275413923742555,
    "BMI": 0.5984233246973867,
    "GDP_per_capita": 0.5830897215324404,
    "Incidents_HIV": 0.5530274644851235,
    "Economy_status_Developed": 0.5237909787186418,
    "Economy_status_Developing": 0.5237909787186418,
    "Measles": 0.49001858940944215,
    "Thinness_ten_nineteen_years": 0.4678244950192912,
    "Thinness_five_nine_years": 0.4581662274600835,
    "Hepatitis_B": 0.41780443201507816,
    "Alcohol_consumption": 0.3991591075791727,
    "Year": 0.17435894328215842,
    "Population_mln": 0.026297879724181548
  },
  "selected_features": [
    "Adult_mortality",
    "Under_five_deaths",
    "Infant_deaths",
    "Schooling",
    "Polio",
    "Diphtheria",
    "BMI",
    "GDP_per_capita",
    "Incidents_HIV",
    "Economy_status_Developed",
    "Economy_status_Developing",
    "Measles",
    "Thinness_ten_nineteen_years",
    "Thinness_five_nine_years",
    "Hepatitis_B"
  ],
  "sparse_features": [],
  "low_variance_features": [],
  "params": {
    "TOP_N": 15,
    "SPARSE_FRAC_THRESH": 0.01,
    "LOW_VAR_THRESH": 1e-06
  }
}